{
    "1720183228.599977": {
        "final_transformation": [
            0.9996493458747864,
            -0.026481522247195244,
            -0.0016185250133275986,
            7.08417272567749,
            0.026456736028194427,
            0.9995728731155396,
            -0.01250020693987608,
            161.22525024414063,
            0.0019487078534439206,
            0.012452475726604462,
            0.9999217987060547,
            5.924597263336182,
            0.0,
            0.0,
            0.0,
            1.0
        ],
        "fitness_score": 0.4101779326639391
    },
    "1720183228.898022": {
        "final_transformation": [
            0.9996432662010193,
            -0.026639239862561226,
            -0.0021524217445403337,
            7.073802471160889,
            0.02660987339913845,
            0.9995696544647217,
            -0.012389563955366611,
            161.31788635253906,
            0.0024814505595713854,
            0.012327360920608044,
            0.9999210238456726,
            5.929538726806641,
            0.0,
            0.0,
            0.0,
            1.0
        ],
        "fitness_score": 0.40876762714680615
    },
    "1720183229.200048": {
        "final_transformation": [
            0.9996349811553955,
            -0.0269135944545269,
            -0.002483511110767722,
            7.099172592163086,
            0.026881450787186623,
            0.9995651245117188,
            -0.012125522829592228,
            161.34268188476563,
            0.0028087315149605274,
            0.012053823098540306,
            0.9999233484268188,
            5.934742450714111,
            0.0,
            0.0,
            0.0,
            1.0
        ],
        "fitness_score": 0.40605639195955723
    },
    "1720183229.499920": {
        "final_transformation": [
            0.9996314644813538,
            -0.027047229930758476,
            -0.0023970140609890223,
            7.101219654083252,
            0.02701466903090477,
            0.9995576739311218,
            -0.012365235947072506,
            161.46688842773438,
            0.002730331616476178,
            0.012295505031943321,
            0.9999196529388428,
            5.941328048706055,
            0.0,
            0.0,
            0.0,
            1.0
        ],
        "fitness_score": 0.40829850239404564
    },
    "1720183229.800040": {
        "final_transformation": [
            0.9996234774589539,
            -0.027520541101694107,
            -0.0009370939224027097,
            7.0973734855651855,
            0.02750401198863983,
            0.9995293021202087,
            -0.013704557903110981,
            161.58982849121094,
            0.0013136916095390916,
            0.013673149049282074,
            0.9999076128005981,
            5.948792934417725,
            0.0,
            0.0,
            0.0,
            1.0
        ],
        "fitness_score": 0.4181897572903576
    },
    "1720183230.100093": {
        "final_transformation": [
            0.9995991587638855,
            -0.028355225920677185,
            0.00023671193048357964,
            7.123015403747559,
            0.02835366129875183,
            0.9994905591011047,
            -0.014739111065864563,
            161.8882598876953,
            0.0001811899128369987,
            0.014739363454282284,
            0.9998947978019714,
            5.962008476257324,
            0.0,
            0.0,
            0.0,
            1.0
        ],
        "fitness_score": 0.4336388596642413
    },
    "1720183230.400030": {
        "final_transformation": [
            0.9995779991149902,
            -0.02908485196530819,
            0.00013218173990026116,
            7.138306617736816,
            0.02908209152519703,
            0.9994311928749084,
            -0.017100686207413673,
            162.2544708251953,
            0.0003651611041277647,
            0.01709679327905178,
            0.9998545050621033,
            5.985783100128174,
            0.0,
            0.0,
            0.0,
            1.0
        ],
        "fitness_score": 0.4371739432160495
    },
    "1720183230.698964": {
        "final_transformation": [
            0.9995403289794922,
            -0.030327308923006058,
            -2.270569166284986e-05,
            7.182621955871582,
            0.030321715399622917,
            0.9993841648101807,
            -0.017625099048018456,
            162.65390014648438,
            0.0005571597721427679,
            0.01761576533317566,
            0.9998448491096497,
            6.005126476287842,
            0.0,
            0.0,
            0.0,
            1.0
        ],
        "fitness_score": 0.43470522205049184
    },
    "1720183230.999367": {
        "final_transformation": [
            0.9995032548904419,
            -0.03155084699392319,
            -0.000779487076215446,
            7.217636585235596,
            0.03153129294514656,
            0.9993679523468018,
            -0.01648271270096302,
            163.22607421875,
            0.0012988763628527522,
            0.016449395567178726,
            0.9998663663864136,
            6.0314741134643555,
            0.0,
            0.0,
            0.0,
            1.0
        ],
        "fitness_score": 0.4451869994057583
    },
    "1720183231.299991": {
        "final_transformation": [
            0.9994401335716248,
            -0.033289894461631775,
            -0.003678024047985673,
            7.264235973358154,
            0.033226557075977325,
            0.9993246793746948,
            -0.015777893364429474,
            163.82496643066406,
            0.004200666677206755,
            0.01564629003405571,
            0.9998704195022583,
            6.063119888305664,
            0.0,
            0.0,
            0.0,
            1.0
        ],
        "fitness_score": 0.46074070803020273
    },
    "1720183231.600147": {
        "final_transformation": [
            0.9993506669998169,
            -0.03594116121530533,
            -0.003427802352234721,
            7.2633514404296875,
            0.03587827831506729,
            0.9992217421531677,
            -0.01653614453971386,
            164.50157165527344,
            0.004019264597445726,
            0.016401849687099457,
            0.9998599886894226,
            6.09920597076416,
            0.0,
            0.0,
            0.0,
            1.0
        ],
        "fitness_score": 0.47512833943720206
    },
    "1720183231.900205": {
        "final_transformation": [
            0.9992348551750183,
            -0.03891133889555931,
            -0.004148752428591251,
            7.326235771179199,
            0.03885061666369438,
            0.9991535544395447,
            -0.013571449555456638,
            165.28697204589844,
            0.004673263523727655,
            0.01339942216873169,
            0.9998982548713684,
            6.131646156311035,
            0.0,
            0.0,
            0.0,
            1.0
        ],
        "fitness_score": 0.5020391449650384
    },
    "1720183232.200112": {
        "final_transformation": [
            0.999035656452179,
            -0.043723512440919876,
            -0.0044850013218820095,
            7.398148536682129,
            0.043679624795913696,
            0.9990063905715942,
            -0.00905666034668684,
            166.11553955078125,
            0.004876382183283567,
            0.00885150209069252,
            0.9999520778656006,
            6.174687385559082,
            0.0,
            0.0,
            0.0,
            1.0
        ],
        "fitness_score": 0.5155908964872933
    },