{
    "1720754372.998883": {
        "final_transformation": [
            -0.999064564704895,
            -0.018443837761878967,
            -0.03912389278411865,
            -62.68453598022461,
            0.02089804783463478,
            -0.997779369354248,
            -0.06324218958616257,
            -225.66354370117188,
            -0.03787092864513397,
            -0.06400097161531448,
            0.9972324371337891,
            -9.223875999450684,
            0.0,
            0.0,
            0.0,
            1.0
        ],
        "fitness_score": 0.33138028065494735
    },
    "1720754373.297633": {
        "final_transformation": [
            -0.998626172542572,
            0.011256605386734009,
            -0.05119544267654419,
            -62.806583404541016,
            -0.008275844156742096,
            -0.998285174369812,
            -0.057994190603494644,
            -227.3157501220703,
            -0.05176055431365967,
            -0.05749097838997841,
            0.9970059394836426,
            -9.271286010742188,
            0.0,
            0.0,
            0.0,
            1.0
        ],
        "fitness_score": 0.35713934383305546
    },
    "1720754373.598872": {
        "final_transformation": [
            -0.9976202249526978,
            0.047980908304452896,
            -0.049555011093616486,
            -62.815330505371094,
            -0.04479502886533737,
            -0.9969767332077026,
            -0.06350105255842209,
            -228.8701629638672,
            -0.05245225876569748,
            -0.06113029271364212,
            0.9967524409294128,
            -9.311652183532715,
            0.0,
            0.0,
            0.0,
            1.0
        ],
        "fitness_score": 0.3589686290948739
    },
    "1720754373.900270": {
        "final_transformation": [
            -0.9946369528770447,
            0.09406238049268723,
            -0.04302484914660454,
            -62.77570343017578,
            -0.09120792150497437,
            -0.9937722086906433,
            -0.06404387205839157,
            -230.39398193359375,
            -0.04878118634223938,
            -0.059776365756988525,
            0.9970216751098633,
            -9.332562446594238,
            0.0,
            0.0,
            0.0,
            1.0
        ],
        "fitness_score": 0.36058218737684455
    },
    "1720754374.200220": {
        "final_transformation": [
            -0.9875120520591736,
            0.14769357442855835,
            -0.0548693910241127,
            -62.68571090698242,
            -0.1440127193927765,
            -0.987384557723999,
            -0.06585409492254257,
            -231.90786743164063,
            -0.06390339881181717,
            -0.0571298748254776,
            0.9963218569755554,
            -9.38664436340332,
            0.0,
            0.0,
            0.0,
            1.0
        ],
        "fitness_score": 0.37499459643546124
    },
    "1720754374.500026": {
        "final_transformation": [
            -0.9754633903503418,
            0.21367435157299042,
            -0.053049392998218536,
            -62.43258285522461,
            -0.20993877947330475,
            -0.9753381013870239,
            -0.06811969727277756,
            -233.34767150878906,
            -0.06629671901464462,
            -0.05531139671802521,
            0.996268093585968,
            -9.350759506225586,
            0.0,
            0.0,
            0.0,
            1.0
        ],
        "fitness_score": 0.4269075087772278
    },
    "1720754374.800086": {
        "final_transformation": [
            -0.9551167488098145,
            0.2928232252597809,
            -0.044848062098026276,
            -62.055206298828125,
            -0.2901938557624817,
            -0.9552741646766663,
            -0.0569341704249382,
            -234.54100036621094,
            -0.059513892978429794,
            -0.041364189237356186,
            0.9973719120025635,
            -9.3687105178833,
            0.0,
            0.0,
            0.0,
            1.0
        ],
        "fitness_score": 0.43231695836758216
    },
    "1720754375.698771": {
        "final_transformation": [
            -0.8346760272979736,
            0.5503171682357788,
            -0.02161843702197075,
            -60.453041076660156,
            -0.5482196807861328,
            -0.8339673280715942,
            -0.06287020444869995,
            -237.22515869140625,
            -0.05262778326869011,
            -0.04062480852007866,
            0.9977880716323853,
            -9.363151550292969,
            0.0,
            0.0,
            0.0,
            1.0
        ],
        "fitness_score": 0.6377351272953578
    },
    "1720754376.000072": {
        "final_transformation": [
            -0.7747220396995544,
            0.6321309804916382,
            -0.01488887332379818,
            -59.75837326049805,
            -0.6304042935371399,
            -0.7740036249160767,
            -0.05921824276447296,
            -237.85520935058594,
            -0.048957861959934235,
            -0.03649185970425606,
            0.9981358647346497,
            -9.333669662475586,
            0.0,
            0.0,
            0.0,
            1.0
        ],
        "fitness_score": 0.734937873146432
    },
    "1720754376.298842": {
        "final_transformation": [
            -0.706546425819397,
            0.7076401114463806,
            -0.006158169358968735,
            -59.054039001464844,
            -0.7062339186668396,
            -0.7056432366371155,
            -0.057441260665655136,
            -238.43399047851563,
            -0.04499335587024689,
            -0.036236125975847244,
            0.9983325004577637,
            -9.350932121276855,
            0.0,
            0.0,
            0.0,
            1.0
        ],
        "fitness_score": 1.0591524396721577
    },
    "1720754376.600059": {
        "final_transformation": [
            -0.6331443190574646,
            0.7740308046340942,
            -0.0027608175296336412,
            -58.37575912475586,
            -0.7723990082740784,
            -0.6320331692695618,
            -0.06271708011627197,
            -238.89089965820313,
            -0.050289954990148544,
            -0.03757668286561966,
            0.9980288147926331,
            -9.323838233947754,
            0.0,
            0.0,
            0.0,
            1.0
        ],
        "fitness_score": 1.0133090829121831
    },
    "1720754376.900074": {
        "final_transformation": [
            -0.5516648888587952,
            0.8340345025062561,
            0.007534309756010771,
            -57.636844635009766,
            -0.832715630531311,
            -0.5502325892448425,
            -0.06188889220356941,
            -239.1738739013672,
            -0.04747184365987778,
            -0.040416013449430466,
            0.9980568289756775,
            -9.308616638183594,
            0.0,
            0.0,
            0.0,
            1.0
        ],
        "fitness_score": 1.1773719178313518
    },
    "1720754377.197878": {
        "final_transformation": [
            -0.46356451511383057,
            0.8859159350395203,
            0.01626274362206459,
            -56.87958526611328,
            -0.8847848773002625,
            -0.46182921528816223,
            -0.06219879537820816,
            -239.38381958007813,
            -0.047592341899871826,
            -0.04322236776351929,
            0.9979334473609924,
            -9.300920486450195,
            0.0,
            0.0,
            0.0,
            1.0
        ],
        "fitness_score": 1.4396776024614164
    },