{
    "1720482985.900166": {
        "final_transformation": [
            0.9999221563339233,
            -0.012378554791212082,
            0.0018559745512902737,
            3.536818504333496,
            0.01239989697933197,
            0.999840259552002,
            -0.012903701514005661,
            159.2235870361328,
            -0.0016960540087893605,
            0.012925238348543644,
            0.9999151825904846,
            5.617605686187744,
            0.0,
            0.0,
            0.0,
            1.0
        ],
        "fitness_score": 0.46441742758298193
    },
    "1720482986.200104": {
        "final_transformation": [
            0.9999228715896606,
            -0.011633847840130329,
            0.004442023113369942,
            3.6297378540039063,
            0.011694434098899364,
            0.9998297691345215,
            -0.014310862869024277,
            160.18841552734375,
            -0.004274892620742321,
            0.014361239038407803,
            0.9998884201049805,
            5.687848091125488,
            0.0,
            0.0,
            0.0,
            1.0
        ],
        "fitness_score": 0.44842522510919386
    },
    "1720482986.500141": {
        "final_transformation": [
            0.9999194741249084,
            -0.012560589239001274,
            0.0023274761624634266,
            3.585083246231079,
            0.012595683336257935,
            0.9997766613960266,
            -0.017039624974131584,
            161.29266357421875,
            -0.0021130875684320927,
            0.01706700585782528,
            0.9998544454574585,
            5.752863883972168,
            0.0,
            0.0,
            0.0,
            1.0
        ],
        "fitness_score": 0.45154335172920773
    },
    "1720482986.800064": {
        "final_transformation": [
            0.9998939037322998,
            -0.012846429832279682,
            0.007126252632588148,
            3.6376965045928955,
            0.01297850627452135,
            0.9997345805168152,
            -0.01911536417901516,
            162.31886291503906,
            -0.006878960877656937,
            0.01920531690120697,
            0.9997930526733398,
            5.804921627044678,
            0.0,
            0.0,
            0.0,
            1.0
        ],
        "fitness_score": 0.45810991792201355
    },
    "1720482987.100026": {
        "final_transformation": [
            0.9998705983161926,
            -0.01368231512606144,
            0.00864122249186039,
            3.740847587585449,
            0.013831092044711113,
            0.9997513294219971,
            -0.017513127997517586,
            163.40399169921875,
            -0.008399568498134613,
            0.017629826441407204,
            0.9998101592063904,
            5.840034008026123,
            0.0,
            0.0,
            0.0,
            1.0
        ],
        "fitness_score": 0.49145815408155624
    },
    "1720482987.400053": {
        "final_transformation": [
            0.9998708963394165,
            -0.014341368339955807,
            0.007403584662824869,
            3.782454490661621,
            0.01443647313863039,
            0.9998108148574829,
            -0.013133903034031391,
            164.30116271972656,
            -0.007213908713310957,
            0.013238625600934029,
            0.9998865723609924,
            5.891993045806885,
            0.0,
            0.0,
            0.0,
            1.0
        ],
        "fitness_score": 0.48702209127859897
    },
    "1720482987.700094": {
        "final_transformation": [
            0.9997226595878601,
            -0.020078100264072418,
            0.012438037432730198,
            3.729734420776367,
            0.02023496851325035,
            0.9997138977050781,
            -0.012883358635008335,
            165.46434020996094,
            -0.01217592228204012,
            0.013130986131727695,
            0.9998410940170288,
            5.959070205688477,
            0.0,
            0.0,
            0.0,
            1.0
        ],
        "fitness_score": 0.48832792263611574
    },
    "1720482988.000116": {
        "final_transformation": [
            0.9996246099472046,
            -0.02408229187130928,
            0.013091448694467545,
            3.8459928035736084,
            0.02423086203634739,
            0.9996407628059387,
            -0.01147382240742445,
            166.5675506591797,
            -0.01281052827835083,
            0.011786260642111301,
            0.9998494982719421,
            6.004295349121094,
            0.0,
            0.0,
            0.0,
            1.0
        ],
        "fitness_score": 0.5057072444903866
    },
    "1720482988.600146": {
        "final_transformation": [
            0.9992563724517822,
            -0.03604350611567497,
            0.01375655084848404,
            4.08485221862793,
            0.036121856421232224,
            0.9993327856063843,
            -0.005642344243824482,
            168.71034240722656,
            -0.013544085435569286,
            0.006134557072073221,
            0.9998911619186401,
            6.099740505218506,
            0.0,
            0.0,
            0.0,
            1.0
        ],
        "fitness_score": 0.6292463862381934
    },
    "1720482988.900069": {
        "final_transformation": [
            0.9988234639167786,
            -0.04753803834319115,
            0.009768454357981682,
            4.351507663726807,
            0.0475730299949646,
            0.9988633990287781,
            -0.003592494875192642,
            170.18478393554688,
            -0.009586576372385025,
            0.0040525165386497974,
            0.9999493956565857,
            6.153565406799316,
            0.0,
            0.0,
            0.0,
            1.0
        ],
        "fitness_score": 0.7244424498175904
    },
    "1720482989.200044": {
        "final_transformation": [
            0.9976494312286377,
            -0.06776051968336105,
            0.010311592370271683,
            4.283535003662109,
            0.06777098029851913,
            0.9977021217346191,
            -0.0007773357210680842,
            170.96693420410156,
            -0.010235286317765713,
            0.0014738853788003325,
            0.9999472498893738,
            6.186613082885742,
            0.0,
            0.0,
            0.0,
            1.0
        ],
        "fitness_score": 0.693966165402695
    },
    "1720482989.499620": {
        "final_transformation": [
            0.9952853918075562,
            -0.09650921076536179,
            0.009973256848752499,
            3.979374408721924,
            0.09654103964567184,
            0.9953274726867676,
            -0.0030841422267258167,
            171.96658325195313,
            -0.009629052132368088,
            0.004032003693282604,
            0.9999492764472961,
            6.2316083908081055,
            0.0,
            0.0,
            0.0,
            1.0
        ],
        "fitness_score": 0.6992455720507559
    },
    "1720482989.800135": {
        "final_transformation": [
            0.9920957684516907,
            -0.12515968084335327,
            0.0091728949919343,
            4.017634391784668,
            0.12519830465316772,
            0.9921244978904724,
            -0.004032262600958347,
            173.08975219726563,
            -0.008596065454185009,
            0.00514833303168416,
            0.9999527335166931,
            6.274427890777588,
            0.0,
            0.0,
            0.0,
            1.0
        ],
        "fitness_score": 0.7055780310850643
    },