{
    "1720703638.600212": {
        "final_transformation": [
            0.9903072118759155,
            0.1388835608959198,
            0.0027901940047740936,
            -32.36464309692383,
            -0.13889332115650177,
            0.9903047680854797,
            0.0027578857261687517,
            -185.4916534423828,
            -0.002380163874477148,
            -0.0031191385351121426,
            0.9999946355819702,
            -7.509102821350098,
            0.0,
            0.0,
            0.0,
            1.0
        ],
        "fitness_score": 0.7416737574298454
    },
    "1720703638.898904": {
        "final_transformation": [
            0.9902840852737427,
            0.13905219733715057,
            0.0026033648755401373,
            -31.88104820251465,
            -0.13906200230121613,
            0.9902812838554382,
            0.0030562044121325016,
            -183.2790069580078,
            -0.002153131878003478,
            -0.0033889443147927523,
            0.9999934434890747,
            -7.429982662200928,
            0.0,
            0.0,
            0.0,
            1.0
        ],
        "fitness_score": 0.7293025646954456
    },
    "1720703639.200127": {
        "final_transformation": [
            0.9902942776679993,
            0.1389513611793518,
            0.00365277286618948,
            -31.139219284057617,
            -0.1389738917350769,
            0.9902796149253845,
            0.00607149675488472,
            -179.966796875,
            -0.0027736604679375887,
            -0.006520627066493034,
            0.9999772906303406,
            -7.317673683166504,
            0.0,
            0.0,
            0.0,
            1.0
        ],
        "fitness_score": 0.6235817563306777
    },
    "1720703639.500170": {
        "final_transformation": [
            0.9904603958129883,
            0.137798011302948,
            0.00196402077563107,
            -30.489185333251953,
            -0.13780860602855682,
            0.9904465675354004,
            0.00517883338034153,
            -177.19052124023438,
            -0.0012316685169935226,
            -0.005400544963777065,
            0.9999873042106628,
            -7.224574565887451,
            0.0,
            0.0,
            0.0,
            1.0
        ],
        "fitness_score": 0.5735927628184322
    },
    "1720703639.799869": {
        "final_transformation": [
            0.9906315803527832,
            0.13655617833137512,
            0.0027770898304879665,
            -29.967649459838867,
            -0.13657405972480774,
            0.99061119556427,
            0.006552043836563826,
            -174.9303436279297,
            -0.00185632542707026,
            -0.006870375480502844,
            0.9999776482582092,
            -7.153634071350098,
            0.0,
            0.0,
            0.0,
            1.0
        ],
        "fitness_score": 0.5936847148597475
    },
    "1720703640.099864": {
        "final_transformation": [
            0.991436243057251,
            0.1306079626083374,
            0.00016688709729351103,
            -29.204883575439453,
            -0.13060913980007172,
            0.9914237260818481,
            0.0048105004243552685,
            -171.30592346191406,
            0.00046283507253974676,
            -0.004791549406945705,
            0.9999886751174927,
            -7.027669906616211,
            0.0,
            0.0,
            0.0,
            1.0
        ],
        "fitness_score": 0.615809293612438
    },
    "1720703640.400090": {
        "final_transformation": [
            0.9922388792037964,
            0.12434881180524826,
            -0.0005707828677259386,
            -28.572383880615234,
            -0.12434989959001541,
            0.9922386407852173,
            0.002020113402977586,
            -168.44264221191406,
            0.0008174783433787525,
            -0.001933965482749045,
            0.9999992847442627,
            -6.919719219207764,
            0.0,
            0.0,
            0.0,
            1.0
        ],
        "fitness_score": 0.6736311105328536
    },
    "1720703640.700155": {
        "final_transformation": [
            0.9930092692375183,
            0.11805221438407898,
            -0.0006941198953427374,
            -28.006942749023438,
            -0.11804834753274918,
            0.9929909706115723,
            0.006325251888483763,
            -165.67312622070313,
            0.0014359098859131336,
            -0.006199571769684553,
            0.9999836683273315,
            -6.807370662689209,
            0.0,
            0.0,
            0.0,
            1.0
        ],
        "fitness_score": 0.7370403840985862
    },
    "1720703641.000168": {
        "final_transformation": [
            0.9942566752433777,
            0.1068776547908783,
            0.005801453720778227,
            -27.400421142578125,
            -0.10688425600528717,
            0.9942736625671387,
            0.00042376903002150357,
            -162.55406188964844,
            -0.005723034963011742,
            -0.001041856943629682,
            0.9999837279319763,
            -6.706905364990234,
            0.0,
            0.0,
            0.0,
            1.0
        ],
        "fitness_score": 0.8192051064900093
    },
    "1720703641.300079": {
        "final_transformation": [
            0.9957646727561951,
            0.09175962954759598,
            0.005995351821184158,
            -26.836278915405273,
            -0.09179184585809708,
            0.9957671165466309,
            0.005065086763352156,
            -159.4276580810547,
            -0.005505242384970188,
            -0.005594393704086542,
            0.9999704360961914,
            -6.594134330749512,
            0.0,
            0.0,
            0.0,
            1.0
        ],
        "fitness_score": 0.927191456989664
    },
    "1720703641.900054": {
        "final_transformation": [
            0.9981842637062073,
            0.06007484719157219,
            0.004832615610212088,
            -25.89069938659668,
            -0.06007279455661774,
            0.9981955289840698,
            -0.0011510828044265509,
            -153.3679656982422,
            -0.004893103614449501,
            0.0008582101436331868,
            0.9999898672103882,
            -6.355443000793457,
            0.0,
            0.0,
            0.0,
            1.0
        ],
        "fitness_score": 0.9105174764475956
    },
    "1720703642.200112": {
        "final_transformation": [
            0.9986439943313599,
            0.05199965462088585,
            0.0032803816720843315,
            -25.668277740478516,
            -0.052005041390657425,
            0.9986478090286255,
            0.0011271035764366388,
            -151.1563262939453,
            -0.0032174463849514723,
            -0.001296628382988274,
            0.999995768070221,
            -6.2748541831970215,
            0.0,
            0.0,
            0.0,
            1.0
        ],
        "fitness_score": 0.9005930690565452
    },
    "1720703642.500225": {
        "final_transformation": [
            0.9989029169082642,
            0.046502791345119476,
            0.005731786601245403,
            -25.162160873413086,
            -0.046487580984830856,
            0.9989157915115356,
            -0.003144274465739727,
            -147.40614318847656,
            -0.00587183702737093,
            0.0028738449327647686,
            0.9999804496765137,
            -6.132996082305908,
            0.0,
            0.0,
            0.0,
            1.0
        ],
        "fitness_score": 0.8824823271315483
    },