{
    "1720702650.600065": {
        "final_transformation": [
            -0.0027488123159855604,
            0.9999924898147583,
            0.003081949194893241,
            -85.76138305664063,
            -0.9988617300987244,
            -0.0025981322396546602,
            -0.047652535140514374,
            183.7664337158203,
            -0.04764428734779358,
            -0.003209681948646903,
            0.9988604187965393,
            5.57742166519165,
            0.0,
            0.0,
            0.0,
            1.0
        ],
        "fitness_score": 4.755750027863031
    },
    "1720702650.900136": {
        "final_transformation": [
            0.007948145270347595,
            0.9999571442604065,
            0.005219968967139721,
            -82.96989440917969,
            -0.9990687966346741,
            0.00816173106431961,
            -0.0423947237432003,
            183.50425720214844,
            -0.0424356609582901,
            -0.004878413397818804,
            0.999087393283844,
            5.641811847686768,
            0.0,
            0.0,
            0.0,
            1.0
        ],
        "fitness_score": 4.300995809194664
    },
    "1720702651.200206": {
        "final_transformation": [
            0.0028489050455391407,
            0.9999395608901978,
            0.010697968304157257,
            -79.27146911621094,
            -0.9991487860679626,
            0.003286907449364662,
            -0.041126150637865067,
            183.15496826171875,
            -0.04115891829133034,
            -0.010571962222456932,
            0.9990975260734558,
            5.656442165374756,
            0.0,
            0.0,
            0.0,
            1.0
        ],
        "fitness_score": 4.3374322845229525
    },
    "1720702651.500203": {
        "final_transformation": [
            -0.0016686668386682868,
            0.9999410510063171,
            0.01073112990707159,
            -77.12910461425781,
            -0.9990524053573608,
            -0.0012004784075543284,
            -0.04348299279808998,
            183.0103759765625,
            -0.043467603623867035,
            -0.010793829336762428,
            0.9989979267120361,
            5.675946235656738,
            0.0,
            0.0,
            0.0,
            1.0
        ],
        "fitness_score": 4.494919451226933
    },
    "1720702651.799325": {
        "final_transformation": [
            0.006829127669334412,
            0.9999292492866516,
            0.009699883870780468,
            -74.57955169677734,
            -0.9988641738891602,
            0.007279332727193832,
            -0.04707204923033714,
            183.10031127929688,
            -0.04713936522603035,
            -0.009367755614221096,
            0.9988458156585693,
            5.724435806274414,
            0.0,
            0.0,
            0.0,
            1.0
        ],
        "fitness_score": 3.5584763163161734
    },
    "1720702652.100199": {
        "final_transformation": [
            0.016259877011179924,
            0.9997557401657104,
            0.015001868829131126,
            -71.13127136230469,
            -0.9986505508422852,
            0.01698002591729164,
            -0.04910940304398537,
            182.93821716308594,
            -0.04935210570693016,
            -0.014183343388140202,
            0.99868243932724,
            5.758062839508057,
            0.0,
            0.0,
            0.0,
            1.0
        ],
        "fitness_score": 3.142222021368251
    },
    "1720702652.699611": {
        "final_transformation": [
            0.01614495739340782,
            0.9997882843017578,
            0.012799873016774654,
            -67.26201629638672,
            -0.9986939430236816,
            0.016747334972023964,
            -0.048311203718185425,
            182.7904052734375,
            -0.04851542040705681,
            -0.012003409676253796,
            0.9987531900405884,
            5.803957939147949,
            0.0,
            0.0,
            0.0,
            1.0
        ],
        "fitness_score": 2.721623882615254
    },
    "1720702653.000200": {
        "final_transformation": [
            0.025879960507154465,
            0.9995333552360535,
            0.01640329882502556,
            -64.17483520507813,
            -0.9981698989868164,
            0.026736227795481682,
            -0.05428062379360199,
            182.68727111816406,
            -0.054693832993507385,
            -0.014968709088861942,
            0.9983939528465271,
            5.807769298553467,
            0.0,
            0.0,
            0.0,
            1.0
        ],
        "fitness_score": 2.408454828767059
    },
    "1720702653.900123": {
        "final_transformation": [
            0.040273841470479965,
            0.9990919828414917,
            0.013921533711254597,
            -56.733558654785156,
            -0.9980382323265076,
            0.040892958641052246,
            -0.047419678419828415,
            182.54502868652344,
            -0.04794594645500183,
            -0.011984750628471375,
            0.9987794160842896,
            5.923380374908447,
            0.0,
            0.0,
            0.0,
            1.0
        ],
        "fitness_score": 1.5321823396923135
    },
    "1720702654.200109": {
        "final_transformation": [
            0.037661321461200714,
            0.9991354942321777,
            0.017671238631010056,
            -55.13117980957031,
            -0.9980688691139221,
            0.03848501294851303,
            -0.048775043338537216,
            182.50743103027344,
            -0.049413032829761505,
            -0.015800422057509422,
            0.9986547231674194,
            5.926488399505615,
            0.0,
            0.0,
            0.0,
            1.0
        ],
        "fitness_score": 1.2071068908922151
    },
    "1720702654.500204": {
        "final_transformation": [
            0.040099624544382095,
            0.9990653395652771,
            0.01614866405725479,
            -52.455867767333984,
            -0.9978175759315491,
            0.04088935628533363,
            -0.051863472908735275,
            182.32496643066406,
            -0.05247532203793526,
            -0.014034015126526356,
            0.9985249042510986,
            5.961730003356934,
            0.0,
            0.0,
            0.0,
            1.0
        ],
        "fitness_score": 0.9141933407721411
    },
    "1720702654.800116": {
        "final_transformation": [
            0.036288827657699585,
            0.9992192387580872,
            0.015643011778593063,
            -50.462650299072266,
            -0.9977508187294006,
            0.03711038827896118,
            -0.05583657696843147,
            182.25331115722656,
            -0.056373558938503265,
            -0.013581790030002594,
            0.9983171820640564,
            5.999041557312012,
            0.0,
            0.0,
            0.0,
            1.0
        ],
        "fitness_score": 0.8703937226237762
    },
    "1720702655.099832": {
        "final_transformation": [
            0.033873945474624634,
            0.999313473701477,
            0.015005105175077915,
            -49.044464111328125,
            -0.9977824687957764,
            0.0346771664917469,
            -0.056834183633327484,
            182.219482421875,
            -0.05731562525033951,
            -0.013046878390014172,
            0.9982726573944092,
            6.0258612632751465,
            0.0,
            0.0,
            0.0,
            1.0
        ],
        "fitness_score": 0.741525196416395
    },