{
    "1720228496.400143": {
        "final_transformation": [
            0.6269763708114624,
            0.7784703373908997,
            0.02979482337832451,
            -47.439029693603516,
            -0.7785553932189941,
            0.6274788975715637,
            -0.011333731934428215,
            -237.78089904785156,
            -0.02751852571964264,
            -0.016091156750917435,
            0.9994931817054749,
            -9.206781387329102,
            0.0,
            0.0,
            0.0,
            1.0
        ],
        "fitness_score": 3.23522762982832
    },
    "1720228496.700111": {
        "final_transformation": [
            0.6942929625511169,
            0.7192556858062744,
            0.025102313607931137,
            -46.986331939697266,
            -0.7194007039070129,
            0.6945850253105164,
            -0.004368591122329235,
            -237.63018798828125,
            -0.02057778649032116,
            -0.015025853179395199,
            0.9996784925460815,
            -9.215978622436523,
            0.0,
            0.0,
            0.0,
            1.0
        ],
        "fitness_score": 2.9940354074979196
    },
    "1720228497.000092": {
        "final_transformation": [
            0.7197821140289307,
            0.6938377022743225,
            0.02250226028263569,
            -46.835330963134766,
            -0.6939703822135925,
            0.720003604888916,
            -0.002594527555629611,
            -237.50860595703125,
            -0.018001848831772804,
            -0.013748696073889732,
            0.9997449517250061,
            -9.22599983215332,
            0.0,
            0.0,
            0.0,
            1.0
        ],
        "fitness_score": 2.8861396954358343
    },
    "1720228497.297574": {
        "final_transformation": [
            0.7407220005989075,
            0.671431839466095,
            0.022614728659391403,
            -46.71112060546875,
            -0.671570360660553,
            0.7409427165985107,
            -0.002015417441725731,
            -237.31385803222656,
            -0.018109358847141266,
            -0.013694829307496548,
            0.9997444748878479,
            -9.217220306396484,
            0.0,
            0.0,
            0.0,
            1.0
        ],
        "fitness_score": 2.8886873176103047
    },
    "1720228497.599486": {
        "final_transformation": [
            0.7683877944946289,
            0.6396360993385315,
            0.021220652386546135,
            -46.61652755737305,
            -0.639721691608429,
            0.7686039805412292,
            -0.0034133121371269226,
            -237.19686889648438,
            -0.018493467941880226,
            -0.010952855460345745,
            0.9997706413269043,
            -9.2317476272583,
            0.0,
            0.0,
            0.0,
            1.0
        ],
        "fitness_score": 2.878276264251752
    },
    "1720228497.897443": {
        "final_transformation": [
            0.7795636057853699,
            0.6259925365447998,
            0.020418290048837662,
            -46.57606887817383,
            -0.6260544061660767,
            0.7797719240188599,
            -0.004105022177100182,
            -237.12998962402344,
            -0.01849127933382988,
            -0.009583172388374805,
            0.9997836351394653,
            -9.254737854003906,
            0.0,
            0.0,
            0.0,
            1.0
        ],
        "fitness_score": 2.890702259541375
    },
    "1720228498.199156": {
        "final_transformation": [
            0.7983558773994446,
            0.601883590221405,
            0.019140450283885002,
            -46.510643005371094,
            -0.6019654273986816,
            0.7985237240791321,
            -0.0019111301517114043,
            -236.83096313476563,
            -0.016434339806437492,
            -0.00999647006392479,
            0.99981689453125,
            -9.248896598815918,
            0.0,
            0.0,
            0.0,
            1.0
        ],
        "fitness_score": 2.7216589973728387
    },
    "1720228498.500023": {
        "final_transformation": [
            0.8062338829040527,
            0.591281533241272,
            0.01934688352048397,
            -46.444488525390625,
            -0.591379702091217,
            0.8063968420028687,
            -0.0008931383490562439,
            -236.74978637695313,
            -0.01612933725118637,
            -0.010721608065068722,
            0.9998146891593933,
            -9.247947692871094,
            0.0,
            0.0,
            0.0,
            1.0
        ],
        "fitness_score": 2.714487456800325
    },
    "1720228499.100199": {
        "final_transformation": [
            0.8219265341758728,
            0.5692769885063171,
            0.019008904695510864,
            -46.471466064453125,
            -0.5693693161010742,
            0.8220838308334351,
            -0.0007931035361252725,
            -236.95391845703125,
            -0.016078412532806396,
            -0.010171597823500633,
            0.9998209476470947,
            -9.269596099853516,
            0.0,
            0.0,
            0.0,
            1.0
        ],
        "fitness_score": 2.7442598790935744
    },
    "1720228499.397600": {
        "final_transformation": [
            0.8224709630012512,
            0.5684918165206909,
            0.01895923912525177,
            -46.43659973144531,
            -0.5685850381851196,
            0.822625994682312,
            -0.0006956922588869929,
            -236.7997283935547,
            -0.015991879627108574,
            -0.010208151303231716,
            0.9998219609260559,
            -9.25802993774414,
            0.0,
            0.0,
            0.0,
            1.0
        ],
        "fitness_score": 2.6868807688088467
    },
    "1720228500.000276": {
        "final_transformation": [
            0.8245095014572144,
            0.5655688643455505,
            0.017807604745030403,
            -46.5136604309082,
            -0.565622866153717,
            0.8246631622314453,
            -0.00242288107983768,
            -236.4687957763672,
            -0.016055580228567123,
            -0.008075079880654812,
            0.9998415112495422,
            -9.249412536621094,
            0.0,
            0.0,
            0.0,
            1.0
        ],
        "fitness_score": 2.758462276603211
    },
    "1720228500.296614": {
        "final_transformation": [
            0.8248212933540344,
            0.5651161074638367,
            0.01768750697374344,
            -46.59705352783203,
            -0.5651702880859375,
            0.8249727487564087,
            -0.0023684788029640913,
            -236.50331115722656,
            -0.015930164605379105,
            -0.00804327055811882,
            0.9998424649238586,
            -9.26031494140625,
            0.0,
            0.0,
            0.0,
            1.0
        ],
        "fitness_score": 2.7641200101614047
    },
    "1720228500.900104": {
        "final_transformation": [
            0.8284014463424683,
            0.5598511099815369,
            0.01794075034558773,
            -46.71064376831055,
            -0.559893786907196,
            0.8285632133483887,
            -0.0030948680359870195,
            -236.56480407714844,
            -0.016597695648670197,
            -0.0074814618565142155,
            0.9998353123664856,
            -9.28546142578125,
            0.0,
            0.0,
            0.0,
            1.0
        ],
        "fitness_score": 2.979067212472016
    },